{
  "blocks_allocated": 5441,
  "blocks_recycled": 0,
  "blocks_used": 5439,
  "collections_count": 0,
  "lobs_allocated": 6,
  "machine_allocs": 1596375,
  "machine_max_stack": 1032,
  "machine_ticks": 16739291,
  "peak_heap_blocks": 0,
  "timings": {
    "VM-Initialisation": 1.75e-6,
    "VM-Mutator": 0.86493125,
    "VM-Total": 0.864933,
    "cook": 0.0005305,
    "demand-analysis": 0.000073583,
    "eliminate": 9.833e-6,
    "eliminate-1": 0.000259959,
    "eliminate-2": 0.000132583,
    "fuse-destructure": 0.000029208,
    "hoist": 0.000225625,
    "inline": 0.000400167,
    "merge": 0.000184959,
    "parse": 0.002735333,
    "reflatten": 0.000048375,
    "retarget": 0.000083,
    "split-letrecs": 0.000107542,
    "stg-compile": 0.000338458,
    "stg-eval": 0.864920792,
    "stg-render": 0.000026166,
    "translate": 0.00168
  },
  "total_mark_time_secs": 0.0,
  "total_sweep_time_secs": 0.0
}