{
  "blocks_allocated": 36341,
  "blocks_recycled": 0,
  "blocks_used": 36339,
  "collections_count": 0,
  "lobs_allocated": 10,
  "machine_allocs": 10646539,
  "machine_max_stack": 18879,
  "machine_ticks": 126918682,
  "peak_heap_blocks": 0,
  "timings": {
    "VM-Initialisation": 6.25e-7,
    "VM-Mutator": 3.966373207,
    "VM-Total": 3.966373832,
    "cook": 0.000292291,
    "demand-analysis": 0.000077834,
    "eliminate": 0.000014875,
    "eliminate-1": 0.000163208,
    "eliminate-2": 0.000131458,
    "fuse-destructure": 0.0000125,
    "hoist": 0.000126875,
    "inline": 0.000354459,
    "merge": 0.000093542,
    "parse": 0.001005333,
    "reflatten": 0.00005325,
    "retarget": 0.000061166,
    "split-letrecs": 0.000050375,
    "stg-compile": 0.000573917,
    "stg-eval": 3.966374459,
    "stg-render": 6.209e-6,
    "translate": 0.000305459
  },
  "total_mark_time_secs": 0.0,
  "total_sweep_time_secs": 0.0
}