{
  "blocks_allocated": 4651,
  "blocks_recycled": 0,
  "blocks_used": 4649,
  "collections_count": 0,
  "lobs_allocated": 2,
  "machine_allocs": 2251752,
  "machine_max_stack": 11899,
  "machine_ticks": 12972496,
  "peak_heap_blocks": 0,
  "timings": {
    "VM-Initialisation": 2.083e-6,
    "VM-Mutator": 0.584508541,
    "VM-Total": 0.584510624,
    "cook": 0.001361458,
    "demand-analysis": 0.000155917,
    "eliminate": 0.000062459,
    "eliminate-1": 0.002062167,
    "eliminate-2": 0.001064291,
    "fuse-destructure": 0.000085334,
    "hoist": 0.000715041,
    "inline": 0.000837375,
    "merge": 0.0003745,
    "parse": 0.004527459,
    "reflatten": 0.000118,
    "retarget": 0.000283792,
    "split-letrecs": 0.000103959,
    "stg-compile": 0.004791584,
    "stg-eval": 0.584498875,
    "stg-render": 0.000031375,
    "translate": 0.001783834
  },
  "total_mark_time_secs": 0.0,
  "total_sweep_time_secs": 0.0
}