{
  "blocks_allocated": 5395,
  "blocks_recycled": 0,
  "blocks_used": 5393,
  "collections_count": 0,
  "lobs_allocated": 2,
  "machine_allocs": 2372646,
  "machine_max_stack": 9545,
  "machine_ticks": 13450743,
  "peak_heap_blocks": 0,
  "timings": {
    "VM-Initialisation": 2.166e-6,
    "VM-Mutator": 0.777938625,
    "VM-Total": 0.777940791,
    "cook": 0.001223834,
    "demand-analysis": 0.000159417,
    "eliminate": 0.000063958,
    "eliminate-1": 0.002076625,
    "eliminate-2": 0.001079291,
    "fuse-destructure": 0.000076666,
    "hoist": 0.000822125,
    "inline": 0.000761667,
    "merge": 0.000321958,
    "parse": 0.003999375,
    "reflatten": 0.000105834,
    "retarget": 0.000286791,
    "split-letrecs": 0.00010475,
    "stg-compile": 0.004805,
    "stg-eval": 0.777925958,
    "stg-render": 0.000025875,
    "translate": 0.0014445
  },
  "total_mark_time_secs": 0.0,
  "total_sweep_time_secs": 0.0
}