{
  "blocks_allocated": 56287,
  "blocks_recycled": 0,
  "blocks_used": 56285,
  "collections_count": 0,
  "lobs_allocated": 0,
  "machine_allocs": 16354405,
  "machine_max_stack": 511,
  "machine_ticks": 45470121,
  "peak_heap_blocks": 0,
  "timings": {
    "VM-Initialisation": 1.625e-6,
    "VM-Mutator": 1.231439208,
    "VM-Total": 1.231440833,
    "cook": 0.000302625,
    "demand-analysis": 0.000059917,
    "eliminate": 0.000011833,
    "eliminate-1": 0.000166458,
    "eliminate-2": 0.000128958,
    "fuse-destructure": 0.000010917,
    "hoist": 0.000138208,
    "inline": 0.000255958,
    "merge": 0.000096417,
    "parse": 0.001021083,
    "reflatten": 0.000043458,
    "retarget": 0.000064375,
    "split-letrecs": 0.000057625,
    "stg-compile": 0.000464541,
    "stg-eval": 1.231440583,
    "stg-render": 6.041e-6,
    "translate": 0.000305334
  },
  "total_mark_time_secs": 0.0,
  "total_sweep_time_secs": 0.0
}