{
  "blocks_allocated": 16687,
  "blocks_recycled": 0,
  "blocks_used": 16685,
  "collections_count": 0,
  "lobs_allocated": 0,
  "machine_allocs": 1453486,
  "machine_max_stack": 1209,
  "machine_ticks": 16501658,
  "peak_heap_blocks": 0,
  "timings": {
    "VM-Initialisation": 5.83e-7,
    "VM-Mutator": 0.234774292,
    "VM-Total": 0.234774875,
    "cook": 0.005970583,
    "demand-analysis": 0.000241292,
    "eliminate": 0.000051792,
    "eliminate-1": 0.001515541,
    "eliminate-2": 0.000290042,
    "fuse-destructure": 0.000024708,
    "hoist": 0.002508417,
    "inline": 0.000575959,
    "merge": 0.003129458,
    "parse": 0.008008667,
    "reflatten": 0.000051792,
    "retarget": 0.001427667,
    "split-letrecs": 0.000668041,
    "stg-compile": 0.001180458,
    "stg-eval": 0.234770625,
    "stg-render": 5.5e-6,
    "translate": 0.007076833
  },
  "total_mark_time_secs": 0.0,
  "total_sweep_time_secs": 0.0
}