{
  "blocks_allocated": 43019,
  "blocks_recycled": 0,
  "blocks_used": 43017,
  "collections_count": 0,
  "lobs_allocated": 0,
  "machine_allocs": 3215923,
  "machine_max_stack": 845,
  "machine_ticks": 53908706,
  "peak_heap_blocks": 0,
  "timings": {
    "VM-Initialisation": 6.25e-7,
    "VM-Mutator": 1.156077209,
    "VM-Total": 1.156077834,
    "cook": 0.006511042,
    "demand-analysis": 0.00027725,
    "eliminate": 0.000053958,
    "eliminate-1": 0.0016345,
    "eliminate-2": 0.000296875,
    "fuse-destructure": 0.00002675,
    "hoist": 0.002415584,
    "inline": 0.000594834,
    "merge": 0.0031175,
    "parse": 0.008551084,
    "reflatten": 0.000065209,
    "retarget": 0.001553125,
    "split-letrecs": 0.0007075,
    "stg-compile": 0.000926834,
    "stg-eval": 1.1560735,
    "stg-render": 5.167e-6,
    "translate": 0.00695925
  },
  "total_mark_time_secs": 0.0,
  "total_sweep_time_secs": 0.0
}