{
  "blocks_allocated": 629,
  "blocks_recycled": 0,
  "blocks_used": 627,
  "collections_count": 2,
  "lobs_allocated": 0,
  "machine_allocs": 135494,
  "machine_max_stack": 122,
  "machine_ticks": 318365,
  "peak_heap_blocks": 629,
  "timings": {
    "VM-CollectorMark": 0.002250667,
    "VM-CollectorSweep": 0.000011499,
    "VM-Initialisation": 1.708e-6,
    "VM-Mutator": 0.013295333,
    "VM-Total": 0.015559207,
    "cook": 0.000705875,
    "eliminate": 0.000010375,
    "eliminate-1": 0.000261209,
    "eliminate-2": 0.000112334,
    "fuse-destructure": 0.000025416,
    "inline": 0.00034325,
    "merge": 0.000183417,
    "parse": 0.007543,
    "retarget": 0.000138667,
    "stg-compile": 0.000697875,
    "stg-eval": 0.014489208,
    "stg-render": 0.001079084,
    "translate": 0.00145375
  },
  "total_mark_time_secs": 0.002250667,
  "total_sweep_time_secs": 0.000011499
}