{
  "blocks_allocated": 22874,
  "blocks_recycled": 0,
  "blocks_used": 22872,
  "collections_count": 0,
  "lobs_allocated": 10,
  "machine_allocs": 1388340,
  "machine_max_stack": 18883,
  "machine_ticks": 126350418,
  "peak_heap_blocks": 0,
  "timings": {
    "VM-Initialisation": 3.75e-7,
    "VM-Mutator": 3.3727322490000002,
    "VM-Total": 3.372732624,
    "cook": 0.00539225,
    "demand-analysis": 0.00028225,
    "eliminate": 0.000053375,
    "eliminate-1": 0.001419583,
    "eliminate-2": 0.0002905,
    "fuse-destructure": 0.000027583,
    "hoist": 0.002162084,
    "inline": 0.000589458,
    "merge": 0.003093917,
    "parse": 0.008418541,
    "reflatten": 0.000081708,
    "retarget": 0.00138225,
    "split-letrecs": 0.00058125,
    "stg-compile": 0.001004541,
    "stg-eval": 3.372728708,
    "stg-render": 5.375e-6,
    "translate": 0.007165917
  },
  "total_mark_time_secs": 0.0,
  "total_sweep_time_secs": 0.0
}