{
  "blocks_allocated": 32603,
  "blocks_recycled": 0,
  "blocks_used": 32601,
  "collections_count": 0,
  "lobs_allocated": 0,
  "machine_allocs": 2174510,
  "machine_max_stack": 795,
  "machine_ticks": 42911737,
  "peak_heap_blocks": 0,
  "timings": {
    "VM-Initialisation": 5e-7,
    "VM-Mutator": 1.014684667,
    "VM-Total": 1.014685167,
    "cook": 0.005919125,
    "demand-analysis": 0.000337958,
    "eliminate": 0.000073125,
    "eliminate-1": 0.001587125,
    "eliminate-2": 0.000346375,
    "fuse-destructure": 0.000030083,
    "hoist": 0.002495875,
    "inline": 0.00071825,
    "merge": 0.003086625,
    "parse": 0.00798375,
    "reflatten": 0.000112875,
    "retarget": 0.001334333,
    "split-letrecs": 0.000661708,
    "stg-compile": 0.001124125,
    "stg-eval": 1.014680042,
    "stg-render": 6.042e-6,
    "translate": 0.007141708
  },
  "total_mark_time_secs": 0.0,
  "total_sweep_time_secs": 0.0
}