{
  "blocks_allocated": 2523,
  "blocks_recycled": 0,
  "blocks_used": 2521,
  "collections_count": 0,
  "lobs_allocated": 0,
  "machine_allocs": 613779,
  "machine_max_stack": 87,
  "machine_ticks": 1374701,
  "peak_heap_blocks": 0,
  "timings": {
    "VM-Initialisation": 2e-6,
    "VM-Mutator": 0.057090041,
    "VM-Total": 0.057092041,
    "cook": 0.000537125,
    "demand-analysis": 0.000114625,
    "eliminate": 0.000019208,
    "eliminate-1": 0.000343709,
    "eliminate-2": 0.000183334,
    "fuse-destructure": 0.000037666,
    "hoist": 0.000273459,
    "inline": 0.000564042,
    "merge": 0.000143625,
    "parse": 0.00281175,
    "reflatten": 0.000071416,
    "retarget": 0.0001045,
    "split-letrecs": 0.000106833,
    "stg-compile": 0.001160042,
    "stg-eval": 0.057078166,
    "stg-render": 0.000024708,
    "translate": 0.001527584
  },
  "total_mark_time_secs": 0.0,
  "total_sweep_time_secs": 0.0
}