{
  "blocks_allocated": 447,
  "blocks_recycled": 0,
  "blocks_used": 445,
  "collections_count": 0,
  "lobs_allocated": 0,
  "machine_allocs": 52469,
  "machine_max_stack": 172,
  "machine_ticks": 295133,
  "peak_heap_blocks": 0,
  "timings": {
    "VM-Initialisation": 4.58e-7,
    "VM-Mutator": 0.005161375,
    "VM-Total": 0.005161833,
    "cook": 0.004955583,
    "demand-analysis": 0.000203583,
    "eliminate": 0.000038292,
    "eliminate-1": 0.00124,
    "eliminate-2": 0.000212333,
    "fuse-destructure": 0.000020458,
    "hoist": 0.00194275,
    "inline": 0.0004455,
    "merge": 0.002531167,
    "parse": 0.007011334,
    "reflatten": 0.000060666,
    "retarget": 0.001180542,
    "split-letrecs": 0.00051825,
    "stg-compile": 0.0010355,
    "stg-eval": 0.005157709,
    "stg-render": 4.5e-6,
    "translate": 0.0062915
  },
  "total_mark_time_secs": 0.0,
  "total_sweep_time_secs": 0.0
}