{
  "blocks_allocated": 1423,
  "blocks_recycled": 0,
  "blocks_used": 1421,
  "collections_count": 0,
  "lobs_allocated": 2,
  "machine_allocs": 151165,
  "machine_max_stack": 2446,
  "machine_ticks": 1252458,
  "peak_heap_blocks": 0,
  "timings": {
    "VM-Initialisation": 5.84e-7,
    "VM-Mutator": 0.024125375,
    "VM-Total": 0.024125959,
    "cook": 0.0063725,
    "demand-analysis": 0.000410541,
    "eliminate": 0.000071625,
    "eliminate-1": 0.001929542,
    "eliminate-2": 0.000495208,
    "fuse-destructure": 0.00004175,
    "hoist": 0.0026645,
    "inline": 0.000823166,
    "merge": 0.003373292,
    "parse": 0.007922666,
    "reflatten": 0.00029625,
    "retarget": 0.001620958,
    "split-letrecs": 0.000548583,
    "stg-compile": 0.001458375,
    "stg-eval": 0.024121041,
    "stg-render": 5.833e-6,
    "translate": 0.007279
  },
  "total_mark_time_secs": 0.0,
  "total_sweep_time_secs": 0.0
}