{
  "blocks_allocated": 33067,
  "blocks_recycled": 0,
  "blocks_used": 33065,
  "collections_count": 2,
  "lobs_allocated": 0,
  "machine_allocs": 10406443,
  "machine_max_stack": 2006,
  "machine_ticks": 28849445,
  "peak_heap_blocks": 33067,
  "timings": {
    "VM-CollectorMark": 0.002002625,
    "VM-CollectorSweep": 0.000492043,
    "VM-Initialisation": 1.875e-6,
    "VM-Mutator": 2.453828917,
    "VM-Total": 2.45632546,
    "cook": 0.000628833,
    "eliminate": 0.000020084,
    "eliminate-1": 0.000365208,
    "eliminate-2": 0.000177,
    "fuse-destructure": 0.000031792,
    "inline": 0.000402792,
    "merge": 0.000168708,
    "parse": 0.008290833,
    "retarget": 0.000117333,
    "stg-compile": 0.000603666,
    "stg-eval": 2.455475792,
    "stg-render": 0.000866,
    "translate": 0.001360958
  },
  "total_mark_time_secs": 0.002002625,
  "total_sweep_time_secs": 0.000492043
}