{
  "blocks_allocated": 179408,
  "blocks_recycled": 0,
  "blocks_used": 179406,
  "collections_count": 0,
  "lobs_allocated": 0,
  "machine_allocs": 12342225,
  "machine_max_stack": 5466,
  "machine_ticks": 195078936,
  "peak_heap_blocks": 0,
  "timings": {
    "VM-Initialisation": 5.42e-7,
    "VM-Mutator": 3.871213292,
    "VM-Total": 3.8712138339999997,
    "cook": 0.006346958,
    "demand-analysis": 0.000313916,
    "eliminate": 0.00006675,
    "eliminate-1": 0.001899,
    "eliminate-2": 0.000346791,
    "fuse-destructure": 0.000028209,
    "hoist": 0.002880292,
    "inline": 0.00060325,
    "merge": 0.003155125,
    "parse": 0.007832334,
    "reflatten": 0.000062459,
    "retarget": 0.001478334,
    "split-letrecs": 0.000797375,
    "stg-compile": 0.001111083,
    "stg-eval": 3.871207791,
    "stg-render": 7.208e-6,
    "translate": 0.007139292
  },
  "total_mark_time_secs": 0.0,
  "total_sweep_time_secs": 0.0
}