{
  "blocks_allocated": 303336,
  "blocks_recycled": 0,
  "blocks_used": 303334,
  "collections_count": 0,
  "lobs_allocated": 0,
  "machine_allocs": 81203655,
  "machine_max_stack": 2005,
  "machine_ticks": 208578165,
  "peak_heap_blocks": 0,
  "timings": {
    "VM-Initialisation": 2.083e-6,
    "VM-Mutator": 5.00503225,
    "VM-Total": 5.005034333,
    "cook": 0.001001875,
    "demand-analysis": 0.000057833,
    "eliminate": 0.000010459,
    "eliminate-1": 0.000330583,
    "eliminate-2": 0.000154583,
    "fuse-destructure": 0.0000105,
    "hoist": 0.000416458,
    "inline": 0.000244125,
    "merge": 0.000250542,
    "parse": 0.001585292,
    "reflatten": 0.000013,
    "retarget": 0.000193667,
    "split-letrecs": 0.00017325,
    "stg-compile": 0.000489083,
    "stg-eval": 5.005033209,
    "stg-render": 6.417e-6,
    "translate": 0.000858459
  },
  "total_mark_time_secs": 0.0,
  "total_sweep_time_secs": 0.0
}