{
  "blocks_allocated": 46366,
  "blocks_recycled": 0,
  "blocks_used": 46364,
  "collections_count": 0,
  "lobs_allocated": 0,
  "machine_allocs": 11553241,
  "machine_max_stack": 634,
  "machine_ticks": 27382786,
  "peak_heap_blocks": 0,
  "timings": {
    "VM-Initialisation": 1.375e-6,
    "VM-Mutator": 0.556080833,
    "VM-Total": 0.556082208,
    "cook": 0.000234875,
    "demand-analysis": 0.00005175,
    "eliminate": 7.917e-6,
    "eliminate-1": 0.000137417,
    "eliminate-2": 0.00011825,
    "fuse-destructure": 8.625e-6,
    "hoist": 0.000112459,
    "inline": 0.00025575,
    "merge": 0.000082041,
    "parse": 0.000968666,
    "reflatten": 0.000015917,
    "retarget": 0.000043666,
    "split-letrecs": 0.000034375,
    "stg-compile": 0.000450417,
    "stg-eval": 0.556082541,
    "stg-render": 5.5e-6,
    "translate": 0.000220792
  },
  "total_mark_time_secs": 0.0,
  "total_sweep_time_secs": 0.0
}