{
  "blocks_allocated": 78248,
  "blocks_recycled": 0,
  "blocks_used": 78246,
  "collections_count": 0,
  "lobs_allocated": 0,
  "machine_allocs": 19880379,
  "machine_max_stack": 307,
  "machine_ticks": 59230889,
  "peak_heap_blocks": 0,
  "timings": {
    "VM-Initialisation": 1.417e-6,
    "VM-Mutator": 1.558893417,
    "VM-Total": 1.558894834,
    "cook": 0.000357583,
    "demand-analysis": 0.000073292,
    "eliminate": 0.000012083,
    "eliminate-1": 0.000194792,
    "eliminate-2": 0.000140209,
    "fuse-destructure": 0.000012084,
    "hoist": 0.000161834,
    "inline": 0.000310084,
    "merge": 0.00011925,
    "parse": 0.001075292,
    "reflatten": 0.000025125,
    "retarget": 0.0000735,
    "split-letrecs": 0.000058792,
    "stg-compile": 0.000390584,
    "stg-eval": 1.5588950000000001,
    "stg-render": 5.667e-6,
    "translate": 0.000363083
  },
  "total_mark_time_secs": 0.0,
  "total_sweep_time_secs": 0.0
}