{
  "blocks_allocated": 21524,
  "blocks_recycled": 0,
  "blocks_used": 21522,
  "collections_count": 0,
  "lobs_allocated": 0,
  "machine_allocs": 1437304,
  "machine_max_stack": 2076,
  "machine_ticks": 28483917,
  "peak_heap_blocks": 0,
  "timings": {
    "VM-Initialisation": 5.42e-7,
    "VM-Mutator": 1.4639501670000001,
    "VM-Total": 1.4639507090000001,
    "cook": 0.006048542,
    "demand-analysis": 0.000305459,
    "eliminate": 0.00005825,
    "eliminate-1": 0.001558333,
    "eliminate-2": 0.000326625,
    "fuse-destructure": 0.00002825,
    "hoist": 0.00231325,
    "inline": 0.000615875,
    "merge": 0.003110917,
    "parse": 0.008340167,
    "reflatten": 0.000090375,
    "retarget": 0.001435458,
    "split-letrecs": 0.000681125,
    "stg-compile": 0.001082042,
    "stg-eval": 1.463945334,
    "stg-render": 6.5e-6,
    "translate": 0.007166083
  },
  "total_mark_time_secs": 0.0,
  "total_sweep_time_secs": 0.0
}