{
  "blocks_allocated": 4782,
  "blocks_recycled": 0,
  "blocks_used": 4780,
  "collections_count": 0,
  "lobs_allocated": 2,
  "machine_allocs": 1923144,
  "machine_max_stack": 23859,
  "machine_ticks": 13423535,
  "peak_heap_blocks": 0,
  "timings": {
    "VM-Initialisation": 5.41e-7,
    "VM-Mutator": 0.380790083,
    "VM-Total": 0.380790624,
    "cook": 0.006980959,
    "demand-analysis": 0.000233125,
    "eliminate": 0.000073333,
    "eliminate-1": 0.002371625,
    "eliminate-2": 0.000807834,
    "fuse-destructure": 0.000047834,
    "hoist": 0.003004917,
    "inline": 0.000762667,
    "merge": 0.003473083,
    "parse": 0.009534334,
    "reflatten": 0.000051458,
    "retarget": 0.0017085,
    "split-letrecs": 0.000684459,
    "stg-compile": 0.003429833,
    "stg-eval": 0.380785084,
    "stg-render": 6.291e-6,
    "translate": 0.007389166
  },
  "total_mark_time_secs": 0.0,
  "total_sweep_time_secs": 0.0
}