{
  "blocks_allocated": 261391,
  "blocks_recycled": 0,
  "blocks_used": 261389,
  "collections_count": 0,
  "lobs_allocated": 5,
  "machine_allocs": 18660114,
  "machine_max_stack": 138718,
  "machine_ticks": 228966325,
  "peak_heap_blocks": 0,
  "timings": {
    "VM-Initialisation": 5.41e-7,
    "VM-Mutator": 4.644934792,
    "VM-Total": 4.644935333,
    "cook": 0.005749125,
    "demand-analysis": 0.000449708,
    "eliminate": 0.000083833,
    "eliminate-1": 0.00195275,
    "eliminate-2": 0.000536792,
    "fuse-destructure": 0.000035041,
    "hoist": 0.002301917,
    "inline": 0.0008415,
    "merge": 0.003016042,
    "parse": 0.008334375,
    "reflatten": 0.000110292,
    "retarget": 0.001320625,
    "split-letrecs": 0.000586167,
    "stg-compile": 0.001867459,
    "stg-eval": 4.644934959,
    "stg-render": 5.667e-6,
    "translate": 0.006899958
  },
  "total_mark_time_secs": 0.0,
  "total_sweep_time_secs": 0.0
}