{
  "blocks_allocated": 29630,
  "blocks_recycled": 0,
  "blocks_used": 29628,
  "collections_count": 0,
  "lobs_allocated": 0,
  "machine_allocs": 2501641,
  "machine_max_stack": 1189,
  "machine_ticks": 27614729,
  "peak_heap_blocks": 0,
  "timings": {
    "VM-Initialisation": 3.75e-7,
    "VM-Mutator": 0.403432208,
    "VM-Total": 0.403432583,
    "cook": 0.004672958,
    "demand-analysis": 0.000195792,
    "eliminate": 0.00003875,
    "eliminate-1": 0.001259792,
    "eliminate-2": 0.000225125,
    "fuse-destructure": 0.00001925,
    "hoist": 0.001929166,
    "inline": 0.000430292,
    "merge": 0.002521125,
    "parse": 0.00661275,
    "reflatten": 0.000044458,
    "retarget": 0.001110416,
    "split-letrecs": 0.000499625,
    "stg-compile": 0.000850041,
    "stg-eval": 0.403428416,
    "stg-render": 5.416e-6,
    "translate": 0.005774875
  },
  "total_mark_time_secs": 0.0,
  "total_sweep_time_secs": 0.0
}