{
  "blocks_allocated": 2110,
  "blocks_recycled": 0,
  "blocks_used": 2108,
  "collections_count": 0,
  "lobs_allocated": 2,
  "machine_allocs": 732774,
  "machine_max_stack": 617,
  "machine_ticks": 1264646,
  "peak_heap_blocks": 0,
  "timings": {
    "VM-Initialisation": 1.708e-6,
    "VM-Mutator": 0.051969375,
    "VM-Total": 0.051971083,
    "cook": 0.000579792,
    "demand-analysis": 0.000097625,
    "eliminate": 0.000023209,
    "eliminate-1": 0.000640458,
    "eliminate-2": 0.000345041,
    "fuse-destructure": 0.000037542,
    "hoist": 0.000272583,
    "inline": 0.000539333,
    "merge": 0.000163291,
    "parse": 0.002532416,
    "reflatten": 0.000063166,
    "retarget": 0.000119,
    "split-letrecs": 0.000086916,
    "stg-compile": 0.001328708,
    "stg-eval": 0.051955167,
    "stg-render": 0.000025375,
    "translate": 0.0013275
  },
  "total_mark_time_secs": 0.0,
  "total_sweep_time_secs": 0.0
}