{
  "blocks_allocated": 1917,
  "blocks_recycled": 0,
  "blocks_used": 1915,
  "collections_count": 0,
  "lobs_allocated": 0,
  "machine_allocs": 175899,
  "machine_max_stack": 189,
  "machine_ticks": 1319154,
  "peak_heap_blocks": 0,
  "timings": {
    "VM-Initialisation": 6.67e-7,
    "VM-Mutator": 0.024349833,
    "VM-Total": 0.0243505,
    "cook": 0.005510459,
    "demand-analysis": 0.00027475,
    "eliminate": 0.0000495,
    "eliminate-1": 0.001420625,
    "eliminate-2": 0.000275708,
    "fuse-destructure": 0.000023542,
    "hoist": 0.002205417,
    "inline": 0.000568958,
    "merge": 0.003018834,
    "parse": 0.007385209,
    "reflatten": 0.000079958,
    "retarget": 0.001232917,
    "split-letrecs": 0.000535041,
    "stg-compile": 0.001350542,
    "stg-eval": 0.024345625,
    "stg-render": 5.792e-6,
    "translate": 0.006677542
  },
  "total_mark_time_secs": 0.0,
  "total_sweep_time_secs": 0.0
}