{
  "blocks_allocated": 35643,
  "blocks_recycled": 0,
  "blocks_used": 35641,
  "collections_count": 0,
  "lobs_allocated": 0,
  "machine_allocs": 10369387,
  "machine_max_stack": 1417,
  "machine_ticks": 29729386,
  "peak_heap_blocks": 0,
  "timings": {
    "VM-Initialisation": 1.333e-6,
    "VM-Mutator": 2.494876375,
    "VM-Total": 2.494877708,
    "cook": 0.000309125,
    "demand-analysis": 0.000057917,
    "eliminate": 0.000011083,
    "eliminate-1": 0.000153458,
    "eliminate-2": 0.000125,
    "fuse-destructure": 0.000010458,
    "hoist": 0.000137667,
    "inline": 0.000243417,
    "merge": 0.000100667,
    "parse": 0.001136375,
    "reflatten": 0.000036666,
    "retarget": 0.00006525,
    "split-letrecs": 0.000056083,
    "stg-compile": 0.00043975,
    "stg-eval": 2.4948775420000002,
    "stg-render": 7.208e-6,
    "translate": 0.000309583
  },
  "total_mark_time_secs": 0.0,
  "total_sweep_time_secs": 0.0
}