{
  "blocks_allocated": 4296,
  "blocks_recycled": 0,
  "blocks_used": 4294,
  "collections_count": 0,
  "lobs_allocated": 2,
  "machine_allocs": 1879963,
  "machine_max_stack": 28626,
  "machine_ticks": 13015410,
  "peak_heap_blocks": 0,
  "timings": {
    "VM-Initialisation": 7.08e-7,
    "VM-Mutator": 0.375330083,
    "VM-Total": 0.375330791,
    "cook": 0.006010542,
    "demand-analysis": 0.0002555,
    "eliminate": 0.0000725,
    "eliminate-1": 0.002553791,
    "eliminate-2": 0.000805333,
    "fuse-destructure": 0.000047792,
    "hoist": 0.003185334,
    "inline": 0.000748333,
    "merge": 0.003445292,
    "parse": 0.008911,
    "reflatten": 0.000051708,
    "retarget": 0.00165,
    "split-letrecs": 0.0006015,
    "stg-compile": 0.003353625,
    "stg-eval": 0.375325584,
    "stg-render": 6.417e-6,
    "translate": 0.007089542
  },
  "total_mark_time_secs": 0.0,
  "total_sweep_time_secs": 0.0
}