{
  "blocks_allocated": 101330,
  "blocks_recycled": 0,
  "blocks_used": 101328,
  "collections_count": 0,
  "lobs_allocated": 0,
  "machine_allocs": 25204145,
  "machine_max_stack": 594,
  "machine_ticks": 56836818,
  "peak_heap_blocks": 0,
  "timings": {
    "VM-Initialisation": 5.84e-7,
    "VM-Mutator": 1.148711874,
    "VM-Total": 1.1487124579999999,
    "cook": 0.000227792,
    "demand-analysis": 0.000048542,
    "eliminate": 6.292e-6,
    "eliminate-1": 0.000117583,
    "eliminate-2": 0.000103083,
    "fuse-destructure": 8.542e-6,
    "hoist": 0.000123583,
    "inline": 0.000206667,
    "merge": 0.000080209,
    "parse": 0.001081042,
    "reflatten": 0.000015291,
    "retarget": 0.0000415,
    "split-letrecs": 0.000032791,
    "stg-compile": 0.000417833,
    "stg-eval": 1.148713167,
    "stg-render": 5.625e-6,
    "translate": 0.000214625
  },
  "total_mark_time_secs": 0.0,
  "total_sweep_time_secs": 0.0
}