{
  "blocks_allocated": 279765,
  "blocks_recycled": 0,
  "blocks_used": 279763,
  "collections_count": 2,
  "lobs_allocated": 0,
  "machine_allocs": 80379426,
  "machine_max_stack": 2997,
  "machine_ticks": 202243656,
  "peak_heap_blocks": 279765,
  "timings": {
    "VM-CollectorMark": 0.008140125,
    "VM-CollectorSweep": 0.003982208,
    "VM-Initialisation": 1.791e-6,
    "VM-Mutator": 8.318735542,
    "VM-Total": 8.330859666,
    "cook": 0.001416708,
    "eliminate": 0.000013458,
    "eliminate-1": 0.000450042,
    "eliminate-2": 0.000194458,
    "fuse-destructure": 0.000035042,
    "inline": 0.000356708,
    "merge": 0.000363625,
    "parse": 0.007138708,
    "retarget": 0.000282,
    "stg-compile": 0.000644041,
    "stg-eval": 8.32926825,
    "stg-render": 0.00160925,
    "translate": 0.0017535
  },
  "total_mark_time_secs": 0.008140125,
  "total_sweep_time_secs": 0.003982208
}