{
  "blocks_allocated": 6166,
  "blocks_recycled": 0,
  "blocks_used": 6164,
  "collections_count": 2,
  "lobs_allocated": 2,
  "machine_allocs": 2720922,
  "machine_max_stack": 2360,
  "machine_ticks": 48317813,
  "peak_heap_blocks": 6166,
  "timings": {
    "VM-CollectorMark": 0.0018635,
    "VM-CollectorSweep": 0.000086041,
    "VM-Initialisation": 2.791e-6,
    "VM-Mutator": 3.5388749170000002,
    "VM-Total": 3.540827249,
    "cook": 0.001159041,
    "eliminate": 0.000052167,
    "eliminate-1": 0.001590375,
    "eliminate-2": 0.000877375,
    "fuse-destructure": 0.000069625,
    "inline": 0.000680125,
    "merge": 0.000283834,
    "parse": 0.008313292,
    "retarget": 0.000203,
    "stg-compile": 0.00400325,
    "stg-eval": 3.539939375,
    "stg-render": 0.000894417,
    "translate": 0.000961834
  },
  "total_mark_time_secs": 0.0018635,
  "total_sweep_time_secs": 0.000086041
}