{
  "blocks_allocated": 409559,
  "blocks_recycled": 0,
  "blocks_used": 409557,
  "collections_count": 0,
  "lobs_allocated": 5,
  "machine_allocs": 118607830,
  "machine_max_stack": 138712,
  "machine_ticks": 249873053,
  "peak_heap_blocks": 0,
  "timings": {
    "VM-Initialisation": 2e-6,
    "VM-Mutator": 11.530225,
    "VM-Total": 11.530227,
    "cook": 0.000787625,
    "demand-analysis": 0.000165625,
    "eliminate": 0.000033792,
    "eliminate-1": 0.000706834,
    "eliminate-2": 0.000432917,
    "fuse-destructure": 0.000041083,
    "hoist": 0.000334875,
    "inline": 0.000603416,
    "merge": 0.000257333,
    "parse": 0.003212208,
    "reflatten": 0.0000675,
    "retarget": 0.000155417,
    "split-letrecs": 0.00007525,
    "stg-compile": 0.001570167,
    "stg-eval": 11.530064333,
    "stg-render": 0.00017475,
    "translate": 0.001874208
  },
  "total_mark_time_secs": 0.0,
  "total_sweep_time_secs": 0.0
}