{
  "blocks_allocated": 435821,
  "blocks_recycled": 0,
  "blocks_used": 435819,
  "collections_count": 0,
  "lobs_allocated": 5,
  "machine_allocs": 118607839,
  "machine_max_stack": 138712,
  "machine_ticks": 247753409,
  "peak_heap_blocks": 0,
  "timings": {
    "VM-Initialisation": 1.833e-6,
    "VM-Mutator": 6.082175667,
    "VM-Total": 6.0821775,
    "cook": 0.00044475,
    "demand-analysis": 0.00010375,
    "eliminate": 0.00001975,
    "eliminate-1": 0.000370708,
    "eliminate-2": 0.000267667,
    "fuse-destructure": 0.000017042,
    "hoist": 0.000210458,
    "inline": 0.000342042,
    "merge": 0.000143208,
    "parse": 0.001157083,
    "reflatten": 0.000020458,
    "retarget": 0.00010175,
    "split-letrecs": 0.000035792,
    "stg-compile": 0.001117708,
    "stg-eval": 6.082172792,
    "stg-render": 9.458e-6,
    "translate": 0.000353458
  },
  "total_mark_time_secs": 0.0,
  "total_sweep_time_secs": 0.0
}