{
  "blocks_allocated": 3765,
  "blocks_recycled": 0,
  "blocks_used": 3763,
  "collections_count": 0,
  "lobs_allocated": 6,
  "machine_allocs": 232193,
  "machine_max_stack": 3032,
  "machine_ticks": 16706391,
  "peak_heap_blocks": 0,
  "timings": {
    "VM-Initialisation": 4.58e-7,
    "VM-Mutator": 0.474661458,
    "VM-Total": 0.474661916,
    "cook": 0.005878667,
    "demand-analysis": 0.000269375,
    "eliminate": 0.000044834,
    "eliminate-1": 0.001460125,
    "eliminate-2": 0.000213708,
    "fuse-destructure": 0.000018125,
    "hoist": 0.002536042,
    "inline": 0.00044225,
    "merge": 0.003029583,
    "parse": 0.007972,
    "reflatten": 0.000070833,
    "retarget": 0.001233917,
    "split-letrecs": 0.000708916,
    "stg-compile": 0.000731666,
    "stg-eval": 0.47465675,
    "stg-render": 6.625e-6,
    "translate": 0.007058875
  },
  "total_mark_time_secs": 0.0,
  "total_sweep_time_secs": 0.0
}