{
  "blocks_allocated": 50151,
  "blocks_recycled": 0,
  "blocks_used": 50149,
  "collections_count": 0,
  "lobs_allocated": 2,
  "machine_allocs": 14067690,
  "machine_max_stack": 1133,
  "machine_ticks": 63029855,
  "peak_heap_blocks": 0,
  "timings": {
    "VM-Initialisation": 1.625e-6,
    "VM-Mutator": 2.135521,
    "VM-Total": 2.135522625,
    "cook": 0.000575333,
    "demand-analysis": 0.000083,
    "eliminate": 0.000017167,
    "eliminate-1": 0.000625625,
    "eliminate-2": 0.000311583,
    "fuse-destructure": 0.00003325,
    "hoist": 0.00029275,
    "inline": 0.000394834,
    "merge": 0.000153083,
    "parse": 0.002604666,
    "reflatten": 0.000039666,
    "retarget": 0.000099084,
    "split-letrecs": 0.00008375,
    "stg-compile": 0.001182125,
    "stg-eval": 2.135510417,
    "stg-render": 0.000024375,
    "translate": 0.001328834
  },
  "total_mark_time_secs": 0.0,
  "total_sweep_time_secs": 0.0
}