{
  "blocks_allocated": 5487,
  "blocks_recycled": 0,
  "blocks_used": 5485,
  "collections_count": 0,
  "lobs_allocated": 2,
  "machine_allocs": 2372646,
  "machine_max_stack": 9545,
  "machine_ticks": 13382554,
  "peak_heap_blocks": 0,
  "timings": {
    "VM-Initialisation": 1.375e-6,
    "VM-Mutator": 0.499695708,
    "VM-Total": 0.499697083,
    "cook": 0.000883125,
    "demand-analysis": 0.000103916,
    "eliminate": 0.00003425,
    "eliminate-1": 0.00098075,
    "eliminate-2": 0.000610541,
    "fuse-destructure": 0.000032375,
    "hoist": 0.000490334,
    "inline": 0.000464,
    "merge": 0.000248583,
    "parse": 0.00149525,
    "reflatten": 0.000021542,
    "retarget": 0.000193833,
    "split-letrecs": 0.000064875,
    "stg-compile": 0.00254275,
    "stg-eval": 0.499699958,
    "stg-render": 6.792e-6,
    "translate": 0.000332792
  },
  "total_mark_time_secs": 0.0,
  "total_sweep_time_secs": 0.0
}