{
  "blocks_allocated": 284804,
  "blocks_recycled": 0,
  "blocks_used": 284802,
  "collections_count": 0,
  "lobs_allocated": 0,
  "machine_allocs": 81203655,
  "machine_max_stack": 2005,
  "machine_ticks": 210273177,
  "peak_heap_blocks": 0,
  "timings": {
    "VM-Initialisation": 1.875e-6,
    "VM-Mutator": 8.511587333,
    "VM-Total": 8.511589208,
    "cook": 0.00118025,
    "demand-analysis": 0.000084041,
    "eliminate": 0.000012792,
    "eliminate-1": 0.000465584,
    "eliminate-2": 0.000190167,
    "fuse-destructure": 0.000028292,
    "hoist": 0.00047975,
    "inline": 0.000360667,
    "merge": 0.0002935,
    "parse": 0.002965625,
    "reflatten": 0.000039875,
    "retarget": 0.000220334,
    "split-letrecs": 0.00022175,
    "stg-compile": 0.000711,
    "stg-eval": 8.511573583,
    "stg-render": 0.000029167,
    "translate": 0.002019917
  },
  "total_mark_time_secs": 0.0,
  "total_sweep_time_secs": 0.0
}