{
  "blocks_allocated": 666,
  "blocks_recycled": 0,
  "blocks_used": 664,
  "collections_count": 0,
  "lobs_allocated": 0,
  "machine_allocs": 136508,
  "machine_max_stack": 72,
  "machine_ticks": 322348,
  "peak_heap_blocks": 0,
  "timings": {
    "VM-Initialisation": 5.83e-7,
    "VM-Mutator": 0.006859875,
    "VM-Total": 0.006860458,
    "cook": 0.000313583,
    "demand-analysis": 0.0000485,
    "eliminate": 7.25e-6,
    "eliminate-1": 0.000118208,
    "eliminate-2": 0.000089792,
    "fuse-destructure": 8.083e-6,
    "hoist": 0.000133084,
    "inline": 0.000219542,
    "merge": 0.000107875,
    "parse": 0.001021125,
    "reflatten": 0.000033,
    "retarget": 0.000074125,
    "split-letrecs": 0.00004575,
    "stg-compile": 0.000579125,
    "stg-eval": 0.006858625,
    "stg-render": 4.958e-6,
    "translate": 0.000333417
  },
  "total_mark_time_secs": 0.0,
  "total_sweep_time_secs": 0.0
}