{
  "blocks_allocated": 53498,
  "blocks_recycled": 0,
  "blocks_used": 53496,
  "collections_count": 0,
  "lobs_allocated": 2,
  "machine_allocs": 14067690,
  "machine_max_stack": 1133,
  "machine_ticks": 62895143,
  "peak_heap_blocks": 0,
  "timings": {
    "VM-Initialisation": 1.208e-6,
    "VM-Mutator": 1.4619387910000001,
    "VM-Total": 1.461939999,
    "cook": 0.000393625,
    "demand-analysis": 0.000048458,
    "eliminate": 0.000011125,
    "eliminate-1": 0.000311875,
    "eliminate-2": 0.000225875,
    "fuse-destructure": 0.000012792,
    "hoist": 0.000196042,
    "inline": 0.00023625,
    "merge": 0.000120708,
    "parse": 0.00106125,
    "reflatten": 7.834e-6,
    "retarget": 0.000080167,
    "split-letrecs": 0.000048583,
    "stg-compile": 0.0007295,
    "stg-eval": 1.4619399579999999,
    "stg-render": 6e-6,
    "translate": 0.000278792
  },
  "total_mark_time_secs": 0.0,
  "total_sweep_time_secs": 0.0
}