{
  "blocks_allocated": 52844,
  "blocks_recycled": 0,
  "blocks_used": 52842,
  "collections_count": 0,
  "lobs_allocated": 0,
  "machine_allocs": 16354405,
  "machine_max_stack": 511,
  "machine_ticks": 45674239,
  "peak_heap_blocks": 0,
  "timings": {
    "VM-Initialisation": 2.167e-6,
    "VM-Mutator": 1.880917084,
    "VM-Total": 1.880919251,
    "cook": 0.000493291,
    "demand-analysis": 0.000102583,
    "eliminate": 0.000017666,
    "eliminate-1": 0.000313584,
    "eliminate-2": 0.000196542,
    "fuse-destructure": 0.000029417,
    "hoist": 0.000217875,
    "inline": 0.000421042,
    "merge": 0.000119666,
    "parse": 0.002376166,
    "reflatten": 0.000084166,
    "retarget": 0.000078833,
    "split-letrecs": 0.00011775,
    "stg-compile": 0.000675792,
    "stg-eval": 1.880903542,
    "stg-render": 0.000027708,
    "translate": 0.001359333
  },
  "total_mark_time_secs": 0.0,
  "total_sweep_time_secs": 0.0
}