{
  "blocks_allocated": 34125,
  "blocks_recycled": 0,
  "blocks_used": 34123,
  "collections_count": 0,
  "lobs_allocated": 10,
  "machine_allocs": 10646539,
  "machine_max_stack": 18879,
  "machine_ticks": 126966700,
  "peak_heap_blocks": 0,
  "timings": {
    "VM-Initialisation": 1.834e-6,
    "VM-Mutator": 4.961145918,
    "VM-Total": 4.9611477520000005,
    "cook": 0.000501083,
    "demand-analysis": 0.000103542,
    "eliminate": 0.000015791,
    "eliminate-1": 0.000288917,
    "eliminate-2": 0.000176625,
    "fuse-destructure": 0.000033083,
    "hoist": 0.000208042,
    "inline": 0.000493916,
    "merge": 0.000133042,
    "parse": 0.002763125,
    "reflatten": 0.000065667,
    "retarget": 0.000082375,
    "split-letrecs": 0.000108958,
    "stg-compile": 0.000674583,
    "stg-eval": 4.9611345,
    "stg-render": 0.000024167,
    "translate": 0.001649208
  },
  "total_mark_time_secs": 0.0,
  "total_sweep_time_secs": 0.0
}