{
  "blocks_allocated": 623,
  "blocks_recycled": 0,
  "blocks_used": 621,
  "collections_count": 0,
  "lobs_allocated": 0,
  "machine_allocs": 136508,
  "machine_max_stack": 72,
  "machine_ticks": 326750,
  "peak_heap_blocks": 0,
  "timings": {
    "VM-Initialisation": 1.75e-6,
    "VM-Mutator": 0.014351167,
    "VM-Total": 0.014352917,
    "cook": 0.000583209,
    "demand-analysis": 0.000080208,
    "eliminate": 9.375e-6,
    "eliminate-1": 0.000240584,
    "eliminate-2": 0.000124917,
    "fuse-destructure": 0.000024209,
    "hoist": 0.00025475,
    "inline": 0.000373167,
    "merge": 0.000139667,
    "parse": 0.002689458,
    "reflatten": 0.000062458,
    "retarget": 0.000102083,
    "split-letrecs": 0.000114125,
    "stg-compile": 0.000946416,
    "stg-eval": 0.014337833,
    "stg-render": 0.000024042,
    "translate": 0.001499084
  },
  "total_mark_time_secs": 0.0,
  "total_sweep_time_secs": 0.0
}