{
  "blocks_allocated": 33453,
  "blocks_recycled": 0,
  "blocks_used": 33451,
  "collections_count": 0,
  "lobs_allocated": 0,
  "machine_allocs": 10369387,
  "machine_max_stack": 1417,
  "machine_ticks": 29811429,
  "peak_heap_blocks": 0,
  "timings": {
    "VM-Initialisation": 1.5e-6,
    "VM-Mutator": 3.249294458,
    "VM-Total": 3.249295958,
    "cook": 0.000470542,
    "demand-analysis": 0.000090542,
    "eliminate": 0.000016375,
    "eliminate-1": 0.000292875,
    "eliminate-2": 0.000177583,
    "fuse-destructure": 0.000028125,
    "hoist": 0.000199625,
    "inline": 0.000385791,
    "merge": 0.000131917,
    "parse": 0.00248925,
    "reflatten": 0.000064084,
    "retarget": 0.000092833,
    "split-letrecs": 0.000110875,
    "stg-compile": 0.000662625,
    "stg-eval": 3.2492825,
    "stg-render": 0.000028834,
    "translate": 0.001439125
  },
  "total_mark_time_secs": 0.0,
  "total_sweep_time_secs": 0.0
}