{
  "blocks_allocated": 43584,
  "blocks_recycled": 0,
  "blocks_used": 43582,
  "collections_count": 0,
  "lobs_allocated": 0,
  "machine_allocs": 11553241,
  "machine_max_stack": 634,
  "machine_ticks": 27813225,
  "peak_heap_blocks": 0,
  "timings": {
    "VM-Initialisation": 1.917e-6,
    "VM-Mutator": 1.024190375,
    "VM-Total": 1.024192292,
    "cook": 0.000315125,
    "demand-analysis": 0.00007325,
    "eliminate": 9.167e-6,
    "eliminate-1": 0.000219167,
    "eliminate-2": 0.000127916,
    "fuse-destructure": 0.000023875,
    "hoist": 0.000135458,
    "inline": 0.000308041,
    "merge": 0.000086958,
    "parse": 0.002335541,
    "reflatten": 0.000039417,
    "retarget": 0.000048875,
    "split-letrecs": 0.000068417,
    "stg-compile": 0.000583541,
    "stg-eval": 1.024174625,
    "stg-render": 0.000029167,
    "translate": 0.001164459
  },
  "total_mark_time_secs": 0.0,
  "total_sweep_time_secs": 0.0
}