{
  "blocks_allocated": 5800,
  "blocks_recycled": 0,
  "blocks_used": 5798,
  "collections_count": 0,
  "lobs_allocated": 6,
  "machine_allocs": 1596375,
  "machine_max_stack": 1032,
  "machine_ticks": 16727001,
  "peak_heap_blocks": 0,
  "timings": {
    "VM-Initialisation": 6.67e-7,
    "VM-Mutator": 0.635885084,
    "VM-Total": 0.635885751,
    "cook": 0.000296959,
    "demand-analysis": 0.000039333,
    "eliminate": 5.25e-6,
    "eliminate-1": 0.000104208,
    "eliminate-2": 0.000079125,
    "fuse-destructure": 7.167e-6,
    "hoist": 0.000124875,
    "inline": 0.000185708,
    "merge": 0.000093083,
    "parse": 0.001036792,
    "reflatten": 0.000018417,
    "retarget": 0.000066458,
    "split-letrecs": 0.000055416,
    "stg-compile": 0.000176458,
    "stg-eval": 0.635887208,
    "stg-render": 6.166e-6,
    "translate": 0.000311458
  },
  "total_mark_time_secs": 0.0,
  "total_sweep_time_secs": 0.0
}