{
  "blocks_allocated": 95248,
  "blocks_recycled": 0,
  "blocks_used": 95246,
  "collections_count": 0,
  "lobs_allocated": 0,
  "machine_allocs": 25204145,
  "machine_max_stack": 594,
  "machine_ticks": 57806510,
  "peak_heap_blocks": 0,
  "timings": {
    "VM-Initialisation": 1.791e-6,
    "VM-Mutator": 2.305355,
    "VM-Total": 2.305356791,
    "cook": 0.000351084,
    "demand-analysis": 0.000072541,
    "eliminate": 0.000010083,
    "eliminate-1": 0.000283875,
    "eliminate-2": 0.000145459,
    "fuse-destructure": 0.000027084,
    "hoist": 0.000150041,
    "inline": 0.000405417,
    "merge": 0.000096292,
    "parse": 0.002602083,
    "reflatten": 0.000038334,
    "retarget": 0.000053875,
    "split-letrecs": 0.000075292,
    "stg-compile": 0.000597583,
    "stg-eval": 2.305340333,
    "stg-render": 0.000029,
    "translate": 0.0013995
  },
  "total_mark_time_secs": 0.0,
  "total_sweep_time_secs": 0.0
}