{
  "blocks_allocated": 2076,
  "blocks_recycled": 0,
  "blocks_used": 2074,
  "collections_count": 2,
  "lobs_allocated": 2,
  "machine_allocs": 731270,
  "machine_max_stack": 2631,
  "machine_ticks": 1216867,
  "peak_heap_blocks": 2076,
  "timings": {
    "VM-CollectorMark": 0.00187025,
    "VM-CollectorSweep": 0.000033625,
    "VM-Initialisation": 9.5e-6,
    "VM-Mutator": 0.052434291,
    "VM-Total": 0.054347666,
    "cook": 0.000581167,
    "eliminate": 0.000023875,
    "eliminate-1": 0.000600125,
    "eliminate-2": 0.000331667,
    "fuse-destructure": 0.0000375,
    "inline": 0.000523417,
    "merge": 0.000162625,
    "parse": 0.009599875,
    "retarget": 0.000106542,
    "stg-compile": 0.001306583,
    "stg-eval": 0.053458541,
    "stg-render": 0.000890708,
    "translate": 0.000980292
  },
  "total_mark_time_secs": 0.00187025,
  "total_sweep_time_secs": 0.000033625
}