{
  "blocks_allocated": 32067,
  "blocks_recycled": 0,
  "blocks_used": 32065,
  "collections_count": 0,
  "lobs_allocated": 2,
  "machine_allocs": 2275240,
  "machine_max_stack": 1674,
  "machine_ticks": 60865199,
  "peak_heap_blocks": 0,
  "timings": {
    "VM-Initialisation": 5.83e-7,
    "VM-Mutator": 1.183917375,
    "VM-Total": 1.1839179579999999,
    "cook": 0.006155583,
    "demand-analysis": 0.000273667,
    "eliminate": 0.000067666,
    "eliminate-1": 0.001895083,
    "eliminate-2": 0.000430542,
    "fuse-destructure": 0.000030625,
    "hoist": 0.002655,
    "inline": 0.000579875,
    "merge": 0.003057709,
    "parse": 0.007878584,
    "reflatten": 0.000052542,
    "retarget": 0.001433,
    "split-letrecs": 0.000741459,
    "stg-compile": 0.001485708,
    "stg-eval": 1.183912584,
    "stg-render": 7.334e-6,
    "translate": 0.007097
  },
  "total_mark_time_secs": 0.0,
  "total_sweep_time_secs": 0.0
}