{
  "blocks_allocated": 73371,
  "blocks_recycled": 0,
  "blocks_used": 73369,
  "collections_count": 0,
  "lobs_allocated": 0,
  "machine_allocs": 19880379,
  "machine_max_stack": 307,
  "machine_ticks": 59818598,
  "peak_heap_blocks": 0,
  "timings": {
    "VM-Initialisation": 1.875e-6,
    "VM-Mutator": 2.444216,
    "VM-Total": 2.444217875,
    "cook": 0.0004635,
    "demand-analysis": 0.000106792,
    "eliminate": 0.000013875,
    "eliminate-1": 0.000332708,
    "eliminate-2": 0.000208583,
    "fuse-destructure": 0.000033125,
    "hoist": 0.000197792,
    "inline": 0.00043525,
    "merge": 0.000140083,
    "parse": 0.00274425,
    "reflatten": 0.000053583,
    "retarget": 0.000091125,
    "split-letrecs": 0.000096083,
    "stg-compile": 0.000610416,
    "stg-eval": 2.444206584,
    "stg-render": 0.000023,
    "translate": 0.001480916
  },
  "total_mark_time_secs": 0.0,
  "total_sweep_time_secs": 0.0
}