{
  "blocks_allocated": 2240,
  "blocks_recycled": 0,
  "blocks_used": 2238,
  "collections_count": 0,
  "lobs_allocated": 2,
  "machine_allocs": 732774,
  "machine_max_stack": 617,
  "machine_ticks": 1260793,
  "peak_heap_blocks": 0,
  "timings": {
    "VM-Initialisation": 1.25e-6,
    "VM-Mutator": 0.028005833,
    "VM-Total": 0.028007083,
    "cook": 0.000395125,
    "demand-analysis": 0.000065583,
    "eliminate": 0.000015917,
    "eliminate-1": 0.000342042,
    "eliminate-2": 0.000251625,
    "fuse-destructure": 0.000015792,
    "hoist": 0.00020375,
    "inline": 0.000373083,
    "merge": 0.000124125,
    "parse": 0.001131083,
    "reflatten": 0.000027958,
    "retarget": 0.000082875,
    "split-letrecs": 0.000048625,
    "stg-compile": 0.000868583,
    "stg-eval": 0.028005375,
    "stg-render": 5.458e-6,
    "translate": 0.0002865
  },
  "total_mark_time_secs": 0.0,
  "total_sweep_time_secs": 0.0
}