{
  "blocks_allocated": 4696,
  "blocks_recycled": 0,
  "blocks_used": 4694,
  "collections_count": 0,
  "lobs_allocated": 2,
  "machine_allocs": 2251752,
  "machine_max_stack": 11899,
  "machine_ticks": 12915277,
  "peak_heap_blocks": 0,
  "timings": {
    "VM-Initialisation": 1.875e-6,
    "VM-Mutator": 0.526588166,
    "VM-Total": 0.526590041,
    "cook": 0.000860625,
    "demand-analysis": 0.000085875,
    "eliminate": 0.000042167,
    "eliminate-1": 0.001028292,
    "eliminate-2": 0.000634125,
    "fuse-destructure": 0.000041,
    "hoist": 0.00050575,
    "inline": 0.000479542,
    "merge": 0.000256875,
    "parse": 0.001501291,
    "reflatten": 0.000017542,
    "retarget": 0.000196917,
    "split-letrecs": 0.000060916,
    "stg-compile": 0.002821625,
    "stg-eval": 0.526587834,
    "stg-render": 6.792e-6,
    "translate": 0.000332833
  },
  "total_mark_time_secs": 0.0,
  "total_sweep_time_secs": 0.0
}