{
  "blocks_allocated": 2500,
  "blocks_recycled": 0,
  "blocks_used": 2498,
  "collections_count": 0,
  "lobs_allocated": 0,
  "machine_allocs": 613779,
  "machine_max_stack": 87,
  "machine_ticks": 1263752,
  "peak_heap_blocks": 0,
  "timings": {
    "VM-Initialisation": 5.84e-7,
    "VM-Mutator": 0.0302385,
    "VM-Total": 0.030239084,
    "cook": 0.000310917,
    "demand-analysis": 0.000071458,
    "eliminate": 0.000013666,
    "eliminate-1": 0.000167584,
    "eliminate-2": 0.000143334,
    "fuse-destructure": 0.0000115,
    "hoist": 0.000131625,
    "inline": 0.000300833,
    "merge": 0.0001065,
    "parse": 0.001023417,
    "reflatten": 0.000039542,
    "retarget": 0.000073292,
    "split-letrecs": 0.000046417,
    "stg-compile": 0.000852916,
    "stg-eval": 0.030234291,
    "stg-render": 5.875e-6,
    "translate": 0.000333958
  },
  "total_mark_time_secs": 0.0,
  "total_sweep_time_secs": 0.0
}