{
  "blocks_allocated": 8208,
  "blocks_recycled": 0,
  "blocks_used": 8206,
  "collections_count": 0,
  "lobs_allocated": 0,
  "machine_allocs": 489584,
  "machine_max_stack": 677,
  "machine_ticks": 66419641,
  "peak_heap_blocks": 0,
  "timings": {
    "VM-Initialisation": 1.583e-6,
    "VM-Mutator": 1.492746667,
    "VM-Total": 1.49274825,
    "cook": 0.000616042,
    "demand-analysis": 0.000098292,
    "eliminate": 0.000018,
    "eliminate-1": 0.000438125,
    "eliminate-2": 0.000226583,
    "fuse-destructure": 0.000032583,
    "hoist": 0.000266833,
    "inline": 0.000419125,
    "merge": 0.000179083,
    "parse": 0.004229792,
    "reflatten": 0.000058708,
    "retarget": 0.00013025,
    "split-letrecs": 0.000259666,
    "stg-compile": 0.000844167,
    "stg-eval": 1.492730333,
    "stg-render": 0.000027083,
    "translate": 0.00139975
  },
  "total_mark_time_secs": 0.0,
  "total_sweep_time_secs": 0.0
}