{
  "blocks_allocated": 8550,
  "blocks_recycled": 0,
  "blocks_used": 8548,
  "collections_count": 0,
  "lobs_allocated": 2,
  "machine_allocs": 2415033,
  "machine_max_stack": 2078,
  "machine_ticks": 6779263,
  "peak_heap_blocks": 0,
  "timings": {
    "VM-Initialisation": 5e-7,
    "VM-Mutator": 0.193494458,
    "VM-Total": 0.193494958,
    "cook": 0.00047675,
    "demand-analysis": 0.000101083,
    "eliminate": 0.000019875,
    "eliminate-1": 0.000281458,
    "eliminate-2": 0.000258542,
    "fuse-destructure": 0.000016541,
    "hoist": 0.000156791,
    "inline": 0.000334334,
    "merge": 0.000110667,
    "parse": 0.002938625,
    "reflatten": 0.000114375,
    "retarget": 0.000072041,
    "split-letrecs": 0.000117667,
    "stg-compile": 0.001050625,
    "stg-eval": 0.193490083,
    "stg-render": 6.083e-6,
    "translate": 0.000457084
  },
  "total_mark_time_secs": 0.0,
  "total_sweep_time_secs": 0.0
}