{
  "blocks_allocated": 6924,
  "blocks_recycled": 0,
  "blocks_used": 6922,
  "collections_count": 0,
  "lobs_allocated": 2,
  "machine_allocs": 1527523,
  "machine_max_stack": 2084,
  "machine_ticks": 6647460,
  "peak_heap_blocks": 0,
  "timings": {
    "VM-Initialisation": 5e-7,
    "VM-Mutator": 0.186103666,
    "VM-Total": 0.186104166,
    "cook": 0.006204625,
    "demand-analysis": 0.000366791,
    "eliminate": 0.000074375,
    "eliminate-1": 0.001743542,
    "eliminate-2": 0.00048425,
    "fuse-destructure": 0.000037084,
    "hoist": 0.002351416,
    "inline": 0.00076525,
    "merge": 0.00318525,
    "parse": 0.008672792,
    "reflatten": 0.000182125,
    "retarget": 0.001406625,
    "split-letrecs": 0.000687125,
    "stg-compile": 0.001749667,
    "stg-eval": 0.186099541,
    "stg-render": 5.375e-6,
    "translate": 0.00762575
  },
  "total_mark_time_secs": 0.0,
  "total_sweep_time_secs": 0.0
}