{
  "blocks_allocated": 1013137,
  "blocks_recycled": 0,
  "blocks_used": 1013135,
  "collections_count": 0,
  "lobs_allocated": 0,
  "machine_allocs": 228950942,
  "machine_max_stack": 361,
  "machine_ticks": 535960349,
  "peak_heap_blocks": 0,
  "timings": {
    "VM-Initialisation": 7.5e-7,
    "VM-Mutator": 10.986280333,
    "VM-Total": 10.986281083,
    "cook": 0.001528916,
    "demand-analysis": 0.0000705,
    "eliminate": 0.000012792,
    "eliminate-1": 0.000374625,
    "eliminate-2": 0.000135625,
    "fuse-destructure": 0.000012416,
    "hoist": 0.000459917,
    "inline": 0.000265042,
    "merge": 0.000324333,
    "parse": 0.001967542,
    "reflatten": 0.00006075,
    "retarget": 0.000255291,
    "split-letrecs": 0.001104833,
    "stg-compile": 0.000581291,
    "stg-eval": 10.986135834,
    "stg-render": 0.000359916,
    "translate": 0.001411167
  },
  "total_mark_time_secs": 0.0,
  "total_sweep_time_secs": 0.0
}