{
  "blocks_allocated": 949176,
  "blocks_recycled": 0,
  "blocks_used": 949174,
  "collections_count": 0,
  "lobs_allocated": 0,
  "machine_allocs": 228950942,
  "machine_max_stack": 361,
  "machine_ticks": 544089317,
  "peak_heap_blocks": 0,
  "timings": {
    "VM-Initialisation": 2.417e-6,
    "VM-Mutator": 21.830838333,
    "VM-Total": 21.83084075,
    "cook": 0.002386916,
    "demand-analysis": 0.000116833,
    "eliminate": 0.000018667,
    "eliminate-1": 0.000666583,
    "eliminate-2": 0.000204417,
    "fuse-destructure": 0.000032291,
    "hoist": 0.000637875,
    "inline": 0.0004555,
    "merge": 0.000446667,
    "parse": 0.004995084,
    "reflatten": 0.000102541,
    "retarget": 0.000354333,
    "split-letrecs": 0.001521792,
    "stg-compile": 0.000957542,
    "stg-eval": 21.830818542,
    "stg-render": 0.000034042,
    "translate": 0.003679625
  },
  "total_mark_time_secs": 0.0,
  "total_sweep_time_secs": 0.0
}