{
  "blocks_allocated": 8771,
  "blocks_recycled": 0,
  "blocks_used": 8769,
  "collections_count": 0,
  "lobs_allocated": 0,
  "machine_allocs": 489584,
  "machine_max_stack": 677,
  "machine_ticks": 66410797,
  "peak_heap_blocks": 0,
  "timings": {
    "VM-Initialisation": 3.584e-6,
    "VM-Mutator": 1.593432958,
    "VM-Total": 1.593436542,
    "cook": 0.000403458,
    "demand-analysis": 0.000070125,
    "eliminate": 0.000014292,
    "eliminate-1": 0.000265125,
    "eliminate-2": 0.000196208,
    "fuse-destructure": 0.000013333,
    "hoist": 0.000180209,
    "inline": 0.000287375,
    "merge": 0.000125459,
    "parse": 0.00117775,
    "reflatten": 0.000031625,
    "retarget": 0.000089875,
    "split-letrecs": 0.000065833,
    "stg-compile": 0.000748709,
    "stg-eval": 1.593429041,
    "stg-render": 5.375e-6,
    "translate": 0.000370208
  },
  "total_mark_time_secs": 0.0,
  "total_sweep_time_secs": 0.0
}