{
  "blocks_allocated": 521133,
  "blocks_recycled": 0,
  "blocks_used": 521131,
  "collections_count": 0,
  "lobs_allocated": 0,
  "machine_allocs": 43177479,
  "machine_max_stack": 712,
  "machine_ticks": 432649144,
  "peak_heap_blocks": 0,
  "timings": {
    "VM-Initialisation": 5.42e-7,
    "VM-Mutator": 7.014901124,
    "VM-Total": 7.014901666,
    "cook": 0.006952042,
    "demand-analysis": 0.000331542,
    "eliminate": 0.000056791,
    "eliminate-1": 0.001880708,
    "eliminate-2": 0.000325125,
    "fuse-destructure": 0.000029334,
    "hoist": 0.002842875,
    "inline": 0.000615292,
    "merge": 0.003118541,
    "parse": 0.008117833,
    "reflatten": 0.000101875,
    "retarget": 0.001502042,
    "split-letrecs": 0.002077416,
    "stg-compile": 0.001241125,
    "stg-eval": 7.014896792,
    "stg-render": 5.791e-6,
    "translate": 0.00761575
  },
  "total_mark_time_secs": 0.0,
  "total_sweep_time_secs": 0.0
}