{
  "blocks_allocated": 8100,
  "blocks_recycled": 0,
  "blocks_used": 8098,
  "collections_count": 0,
  "lobs_allocated": 0,
  "machine_allocs": 357770,
  "machine_max_stack": 735,
  "machine_ticks": 66475331,
  "peak_heap_blocks": 0,
  "timings": {
    "VM-Initialisation": 1.25e-6,
    "VM-Mutator": 1.317412292,
    "VM-Total": 1.317413542,
    "cook": 0.006208375,
    "demand-analysis": 0.000526583,
    "eliminate": 0.000113917,
    "eliminate-1": 0.001960958,
    "eliminate-2": 0.000647042,
    "fuse-destructure": 0.000047083,
    "hoist": 0.002308334,
    "inline": 0.001044084,
    "merge": 0.003207583,
    "parse": 0.006933833,
    "reflatten": 0.000142375,
    "retarget": 0.00140625,
    "split-letrecs": 0.000664625,
    "stg-compile": 0.001996791,
    "stg-eval": 1.317408333,
    "stg-render": 5.25e-6,
    "translate": 0.007552208
  },
  "total_mark_time_secs": 0.0,
  "total_sweep_time_secs": 0.0
}