{
  "blocks_allocated": 8311,
  "blocks_recycled": 0,
  "blocks_used": 8309,
  "collections_count": 0,
  "lobs_allocated": 0,
  "machine_allocs": 529670,
  "machine_max_stack": 720,
  "machine_ticks": 66459606,
  "peak_heap_blocks": 0,
  "timings": {
    "VM-Initialisation": 1.625e-6,
    "VM-Mutator": 1.4665966670000001,
    "VM-Total": 1.466598292,
    "cook": 0.0006315,
    "eliminate": 0.000020209,
    "eliminate-1": 0.000451083,
    "eliminate-2": 0.000236833,
    "fuse-destructure": 0.000032583,
    "inline": 0.000397916,
    "merge": 0.000183,
    "parse": 0.007403583,
    "retarget": 0.0001225,
    "stg-compile": 0.000786333,
    "stg-eval": 1.4665793329999999,
    "stg-render": 0.000023375,
    "translate": 0.001302625
  },
  "total_mark_time_secs": 0.0,
  "total_sweep_time_secs": 0.0
}