{
  "blocks_allocated": 308468,
  "blocks_recycled": 0,
  "blocks_used": 308466,
  "collections_count": 0,
  "lobs_allocated": 0,
  "machine_allocs": 6232604,
  "machine_max_stack": 1189,
  "machine_ticks": 3066607903,
  "peak_heap_blocks": 0,
  "timings": {
    "VM-Initialisation": 1.792e-6,
    "VM-Mutator": 143.986194125,
    "VM-Total": 143.986195917,
    "cook": 0.000674333,
    "demand-analysis": 0.000135459,
    "eliminate": 0.000032625,
    "eliminate-1": 0.000527875,
    "eliminate-2": 0.000299625,
    "fuse-destructure": 0.000038375,
    "hoist": 0.000287916,
    "inline": 0.000530041,
    "merge": 0.000192958,
    "parse": 0.002919292,
    "reflatten": 0.000104209,
    "retarget": 0.000117666,
    "split-letrecs": 0.000133667,
    "stg-compile": 0.001153667,
    "stg-eval": 143.986169334,
    "stg-render": 0.00003675,
    "translate": 0.00170525
  },
  "total_mark_time_secs": 0.0,
  "total_sweep_time_secs": 0.0
}