{
  "blocks_allocated": 9111,
  "blocks_recycled": 0,
  "blocks_used": 9109,
  "collections_count": 0,
  "lobs_allocated": 2,
  "machine_allocs": 2415033,
  "machine_max_stack": 2078,
  "machine_ticks": 6745268,
  "peak_heap_blocks": 0,
  "timings": {
    "VM-Initialisation": 8.417e-6,
    "VM-Mutator": 0.197423833,
    "VM-Total": 0.19743225,
    "cook": 0.000325667,
    "demand-analysis": 0.000094833,
    "eliminate": 0.000019334,
    "eliminate-1": 0.00026675,
    "eliminate-2": 0.000258667,
    "fuse-destructure": 0.000016334,
    "hoist": 0.000150916,
    "inline": 0.000327917,
    "merge": 0.000096541,
    "parse": 0.001026542,
    "reflatten": 0.000159208,
    "retarget": 0.000060083,
    "split-letrecs": 0.0000945,
    "stg-compile": 0.001044,
    "stg-eval": 0.197424833,
    "stg-render": 7.041e-6,
    "translate": 0.000268208
  },
  "total_mark_time_secs": 0.0,
  "total_sweep_time_secs": 0.0
}