{
  "blocks_allocated": 308272,
  "blocks_recycled": 0,
  "blocks_used": 308270,
  "collections_count": 0,
  "lobs_allocated": 0,
  "machine_allocs": 4264268,
  "machine_max_stack": 1784,
  "machine_ticks": 3068130793,
  "peak_heap_blocks": 0,
  "timings": {
    "VM-Initialisation": 3.75e-7,
    "VM-Mutator": 129.092130041,
    "VM-Total": 129.092130416,
    "cook": 0.005081459,
    "demand-analysis": 0.000446792,
    "eliminate": 0.000093042,
    "eliminate-1": 0.001719208,
    "eliminate-2": 0.000513041,
    "fuse-destructure": 0.000038625,
    "hoist": 0.002042,
    "inline": 0.000910708,
    "merge": 0.002536292,
    "parse": 0.006937167,
    "reflatten": 0.000139,
    "retarget": 0.00118625,
    "split-letrecs": 0.000541084,
    "stg-compile": 0.001609875,
    "stg-eval": 129.092125084,
    "stg-render": 6.667e-6,
    "translate": 0.005871459
  },
  "total_mark_time_secs": 0.0,
  "total_sweep_time_secs": 0.0
}