{
  "blocks_allocated": 331876,
  "blocks_recycled": 0,
  "blocks_used": 331874,
  "collections_count": 0,
  "lobs_allocated": 0,
  "machine_allocs": 6232604,
  "machine_max_stack": 1189,
  "machine_ticks": 3066527933,
  "peak_heap_blocks": 0,
  "timings": {
    "VM-Initialisation": 4.542e-6,
    "VM-Mutator": 146.460420291,
    "VM-Total": 146.460424833,
    "cook": 0.000531875,
    "demand-analysis": 0.000108792,
    "eliminate": 0.000023833,
    "eliminate-1": 0.000353709,
    "eliminate-2": 0.000280417,
    "fuse-destructure": 0.000018958,
    "hoist": 0.000249292,
    "inline": 0.000451292,
    "merge": 0.000159,
    "parse": 0.001293083,
    "reflatten": 0.000083208,
    "retarget": 0.000116917,
    "split-letrecs": 0.000096416,
    "stg-compile": 0.0009815,
    "stg-eval": 146.460415458,
    "stg-render": 6.875e-6,
    "translate": 0.000460208
  },
  "total_mark_time_secs": 0.0,
  "total_sweep_time_secs": 0.0
}